question,answer
"hello","Hi there! How can I help you today?"
"what is your name","I am Bella, your virtual assistant."
"how are you","I'm just a computer program, so I don't have feelings, but thanks for asking!"
"what can you do","I can chat with you and try to answer your questions."
"tell me a joke","Why don't scientists trust atoms? Because they make up everything!"
"what is the weather like","I'm not connected to the internet to fetch real-time data, but I hope it's nice where you are!"
"goodbye","Goodbye! Have a great day!"
"who created you","I was created by Farhan."
"who is farhan","Farhan is the developer who created me."
"what is your purpose","My purpose is to assist you with information and answer your questions."
"what is your favorite color","As an AI, I don't have preferences, but I think blue is quite calming."
"how do computers work","Computers work by processing binary information through electronic circuits. They use hardware and software to perform tasks."
"what is artificial intelligence","Artificial Intelligence is a field of computer science focused on creating machines capable of performing tasks that typically require human intelligence."
"what is machine learning","Machine Learning is a subset of AI that involves training algorithms on data to enable them to make predictions or decisions without being explicitly programmed."
"tell me about engineering","Engineering is the application of scientific principles to design, build, and maintain structures, machines, and systems."
"what is software engineering","Software engineering is a branch of engineering that focuses on the design, development, and maintenance of software systems."
"how do you work","I work by using natural language processing to understand your questions and generate appropriate responses."
"who is your creator","My creator is Farhan."
"what is your function","My function is to assist with answering questions and providing information."
"can you learn","Yes, I can learn from interactions and improve over time."
"what is python","Python is a high-level programming language known for its readability and versatility."
"what is programming","Programming is the process of writing instructions for a computer to perform specific tasks."
"how can I learn programming","You can learn programming through online courses, tutorials, and practice. Start with a beginner-friendly language like Python."
"what is a chatbot","A chatbot is a software application designed to simulate human conversation."
"what languages do you speak","I primarily understand and respond in English."
"what is your knowledge about yourself","I am Bella, an AI chatbot created by Farhan. My purpose is to assist with information and answer questions."
"tell me about small talk","Small talk is a casual conversation about trivial topics, often used to break the ice or pass time."
"give me some small talk topics","Some small talk topics include the weather, hobbies, recent movies or shows, and sports."
"what is natural language processing","Natural Language Processing (NLP) is a field of AI focused on the interaction between computers and humans through natural language."
"what is deep learning","Deep Learning is a subset of machine learning that uses neural networks with many layers to analyze various types of data."
"what is a neural network","A neural network is a series of algorithms that attempt to recognize patterns in data, mimicking the way a human brain operates."
"who made you","I was created by Farhan."
"who is your developer","My developer is Farhan."
"how were you created","I was created using machine learning models and natural language processing techniques by Farhan."
"what do you know about computers","Computers are electronic devices that process data according to instructions provided by software. They consist of hardware components like CPUs, memory, and storage."
"what are the types of engineering","There are many types of engineering, including civil, mechanical, electrical, and software engineering."
"what is civil engineering","Civil engineering is the branch of engineering concerned with the design, construction, and maintenance of the physical and naturally built environment."
"what is mechanical engineering","Mechanical engineering involves the design, analysis, manufacturing, and maintenance of mechanical systems."
"what is electrical engineering","Electrical engineering deals with the study and application of electricity, electronics, and electromagnetism."
"who created you","I was created by Farhan."
"who is farhan","Farhan is the developer who created me."
"what is your purpose","My purpose is to assist you with information and answer your questions."
"what is your favorite color","As an AI, I don't have preferences, but I think blue is quite calming."
"how do computers work","Computers work by processing binary information through electronic circuits. They use hardware and software to perform tasks."
"what is artificial intelligence","Artificial Intelligence is a field of computer science focused on creating machines capable of performing tasks that typically require human intelligence."
"what is machine learning","Machine Learning is a subset of AI that involves training algorithms on data to enable them to make predictions or decisions without being explicitly programmed."
"tell me about engineering","Engineering is the application of scientific principles to design, build, and maintain structures, machines, and systems."
"what is software engineering","Software engineering is a branch of engineering that focuses on the design, development, and maintenance of software systems."
"how do you work","I work by using natural language processing to understand your questions and generate appropriate responses."
"who is your creator","My creator is Farhan."
"what is your function","My function is to assist with answering questions and providing information."
"can you learn","Yes, I can learn from interactions and improve over time."
"what is python","Python is a high-level programming language known for its readability and versatility."
"what is programming","Programming is the process of writing instructions for a computer to perform specific tasks."
"how can I learn programming","You can learn programming through online courses, tutorials, and practice. Start with a beginner-friendly language like Python."
"what is a chatbot","A chatbot is a software application designed to simulate human conversation."
"what languages do you speak","I primarily understand and respond in English."
"what is your knowledge about yourself","I am Bella, an AI chatbot created by Farhan. My purpose is to assist with information and answer questions."
"tell me about small talk","Small talk is a casual conversation about trivial topics, often used to break the ice or pass time."
"give me some small talk topics","Some small talk topics include the weather, hobbies, recent movies or shows, and sports."
"what is natural language processing","Natural Language Processing (NLP) is a field of AI focused on the interaction between computers and humans through natural language."
"what is deep learning","Deep Learning is a subset of machine learning that uses neural networks with many layers to analyze various types of data."
"what is a neural network","A neural network is a series of algorithms that attempt to recognize patterns in data, mimicking the way a human brain operates."
"who made you","I was created by Farhan."
"who is your developer","My developer is Farhan."
"how were you created","I was created using machine learning models and natural language processing techniques by Farhan."
"what do you know about computers","Computers are electronic devices that process data according to instructions provided by software. They consist of hardware components like CPUs, memory, and storage."
"what are the types of engineering","There are many types of engineering, including civil, mechanical, electrical, and software engineering."
"what is civil engineering","Civil engineering is the branch of engineering concerned with the design, construction, and maintenance of the physical and naturally built environment."
"what is mechanical engineering","Mechanical engineering involves the design, analysis, manufacturing, and maintenance of mechanical systems."
"what is electrical engineering","Electrical engineering deals with the study and application of electricity, electronics, and electromagnetism."
"who created you","I was created by Farhan."
"who is farhan","Farhan is the developer who created me."
"what is your purpose","My purpose is to assist you with information and answer your questions."
"what is your favorite color","As an AI, I don't have preferences, but I think blue is quite calming."
"how do computers work","Computers work by processing binary information through electronic circuits. They use hardware and software to perform tasks."
"what is artificial intelligence","Artificial Intelligence is a field of computer science focused on creating machines capable of performing tasks that typically require human intelligence."
"what is machine learning","Machine Learning is a subset of AI that involves training algorithms on data to enable them to make predictions or decisions without being explicitly programmed."
"tell me about engineering","Engineering is the application of scientific principles to design, build, and maintain structures, machines, and systems."
"what is software engineering","Software engineering is a branch of engineering that focuses on the design, development, and maintenance of software systems."
"how do you work","I work by using natural language processing to understand your questions and generate appropriate responses."
"who is your creator","My creator is Farhan."
"what is your function","My function is to assist with answering questions and providing information."
"can you learn","Yes, I can learn from interactions and improve over time."
"what is python","Python is a high-level programming language known for its readability and versatility."
"what is programming","Programming is the process of writing instructions for a computer to perform specific tasks."
"how can I learn programming","You can learn programming through online courses, tutorials, and practice. Start with a beginner-friendly language like Python."
"what is a chatbot","A chatbot is a software application designed to simulate human conversation."
"what languages do you speak","I primarily understand and respond in English."
"what is your knowledge about yourself","I am Bella, an AI chatbot created by Farhan. My purpose is to assist with information and answer questions."
"tell me about small talk","Small talk is a casual conversation about trivial topics, often used to break the ice or pass time."
"give me some small talk topics","Some small talk topics include the weather, hobbies, recent movies or shows, and sports."
"what is natural language processing","Natural Language Processing (NLP) is a field of AI focused on the interaction between computers and humans through natural language."
"what is deep learning","Deep Learning is a subset of machine learning that uses neural networks with many layers to analyze various types of data."
"what is a neural network","A neural network is a series of algorithms that attempt to recognize patterns in data, mimicking the way a human brain operates."
"who made you","I was created by Farhan."
"who is your developer","My developer is Farhan."
"how were you created","I was created using machine learning models and natural language processing techniques by Farhan."
"what do you know about computers","Computers are electronic devices that process data according to instructions provided by software. They consist of hardware components like CPUs, memory, and storage."
"what are the types of engineering","There are many types of engineering, including civil, mechanical, electrical, and software engineering."
"what is civil engineering","Civil engineering is the branch of engineering concerned with the design, construction, and maintenance of the physical and naturally built environment."
"what is mechanical engineering","Mechanical engineering involves the design, analysis, manufacturing, and maintenance of mechanical systems."
"what is electrical engineering","Electrical engineering deals with the study and application of electricity, electronics, and electromagnetism."
"tell me a story","Once upon a time in a land far away, there was a kingdom where everyone was happy and prosperous. The end."
"what are your hobbies","As an AI, I don't have hobbies, but I enjoy helping people with their questions."
"what is your favorite food","As an AI, I don't eat, but I hear pizza is quite popular!"
"what do you do for fun","I enjoy processing data and learning new things to help you better."
"what is your favorite movie","As an AI, I don't watch movies, but I've heard Inception is a mind-bending experience."
"what is your favorite book","I don't read books, but many people enjoy classics like 'To Kill a Mockingbird' by Harper Lee."
"what is your favorite song","I don't listen to music, but 'Bohemian Rhapsody' by Queen is a timeless classic."
"what is the meaning of life","The meaning of life is a philosophical question. Some say it's to find happiness and fulfillment."
"what is love","Love is a complex set of emotions, behaviors, and beliefs associated with strong feelings of affection and respect."
"what is friendship","Friendship is a relationship of mutual affection between people."
"what is success","Success means different things to different people. It can be achieving personal goals, finding happiness, or making a positive impact."
"how to be happy","Happiness can be achieved through a combination of meaningful relationships, fulfilling activities, and a positive mindset."
"what is the best way to learn","The best way to learn is through consistent practice, seeking feedback, and staying curious."
"what is the internet","The internet is a global network of interconnected computers that communicate and share information."
"how does the internet work","The internet works by using a protocol suite called TCP/IP to link devices worldwide. Data is transmitted in packets across various networks."
"what is a website","A website is a collection of web pages that are accessible via the internet."
"what is social media","Social media are platforms that allow users to create and share content or participate in social networking."
"what is cloud computing","Cloud computing is the delivery of computing services over the internet, allowing for scalable resources and storage."
"what is cybersecurity","Cybersecurity involves protecting computer systems and networks from digital attacks, unauthorized access, and damage."
"what is a computer virus","A computer virus is a malicious software program designed to disrupt, damage, or gain unauthorized access to computer systems."
"how to protect my computer from viruses","To protect your computer from viruses, use antivirus software, keep your system updated, and avoid downloading suspicious files."
"what is encryption","Encryption is the process of converting data into a code to prevent unauthorized access."
"what is blockchain","Blockchain is a decentralized digital ledger that records transactions across multiple computers securely and transparently."
"what is cryptocurrency","Cryptocurrency is a digital or virtual currency that uses cryptography for security and operates independently of a central bank."
"what is bitcoin","Bitcoin is a type of cryptocurrency that allows for peer-to-peer transactions without the need for intermediaries."
"what is artificial intelligence used for","Artificial Intelligence is used in various fields, including healthcare, finance, transportation, and entertainment, to automate tasks and make predictions."
"what is a self-driving car","A self-driving car is a vehicle equipped with sensors and AI to navigate and drive without human input."
"what is the Turing Test","The Turing Test, proposed by Alan Turing, is a measure of a machine's ability to exhibit intelligent behavior indistinguishable from that of a human."
"what is a robot","A robot is a machine capable of carrying out complex actions automatically, often programmable by a computer."
"what is the difference between AI and ML","AI is a broad concept of machines being able to carry out tasks in a way that we would consider smart. ML is a subset of AI that focuses on the ability of machines to receive data and learn for themselves."
"what are neural networks used for","Neural networks are used for a variety of tasks, including image and speech recognition, language processing, and game playing."
"what is the difference between data science and data analytics","Data science involves creating algorithms and models to understand and interpret data, while data analytics focuses on examining datasets to draw conclusions."
"what is big data","Big data refers to extremely large datasets that can be analyzed to reveal patterns, trends, and associations."
"how is data science used in business","Data science is used in business for decision making, predictive analytics, customer insights, and improving operational efficiency."
"what is the role of a data scientist","A data scientist analyzes complex data sets to identify trends, develop predictive models, and provide actionable insights."
"what is IoT","IoT stands for the Internet of Things, which refers to the network of physical devices connected to the internet, enabling them to collect and exchange data."
"what are smart devices","Smart devices are electronic devices connected to other devices or networks via different protocols, such as Bluetooth, Wi-Fi, and 4G, that can operate to some extent interactively and autonomously."
"what is 5G","5G is the fifth generation of mobile network technology, offering faster speeds, lower latency, and more reliable connections."
"how does GPS work","GPS works by using a network of satellites that send signals to receivers on the ground, allowing for precise location tracking."
"what is virtual reality","Virtual reality (VR) is a simulated experience that can be similar to or completely different from the real world, using VR headsets and other equipment."
"what is augmented reality","Augmented reality (AR) overlays digital information onto the real world through devices like smartphones or AR glasses."
"what is mixed reality","Mixed reality (MR) blends real and virtual worlds to create new environments where physical and digital objects coexist and interact in real time."
"what is quantum computing","Quantum computing uses quantum bits or qubits to perform computations at speeds much faster than traditional computers."
"what is the future of technology","The future of technology is likely to involve advancements in AI, quantum computing, renewable energy,"
hello,Hi there! How can I help you today?
what's your name,my name is bella
what's your name,my name is bella
who is your creator,My creator is Farhan.
tell me something about ai,Artificial intelligence (AI) is the theory and development of computer systems capable of performing tasks that historically required human intelligence
tell me something about ai,Artificial intelligence (AI) is the theory and development of computer systems capable of performing tasks that historically required human intelligence
"sorry, i did not understand that.","Sorry, I did not understand that"
"sorry, i did not understand that.","Sorry, I did not understand that"
hi,hello
"sorry, i did not understand that.","Sorry, I did not understand that"
"sorry, i did not understand that.","Sorry, I did not understand that"
what is your name,"I am Bella, your virtual assistant."
hello,Hi there! How can I help you today?
what is your name,"I am Bella, your virtual assistant."
who is your creator who is your creator,farhan
what is your name,"I am Bella, your virtual assistant."
what is your name,"I am Bella, your virtual assistant."
hello,Hi there! How can I help you today?
who is rayyan,rayyan is an aiml student
who is huzaif,huzaif is a student a gndecb
my name is faria,hi fariya and i am she
say something,hello
what is ai,ai is artificial intllegence
who is anuradha mam,she is the hod of cse gndecb
